destination_id,destination,country,world_region,latitude,longitude,editorial_themes,experience_context,setting_context,pace_context,editorial_rationale,tradeoffs_to_check,destination_source_url,source_scope,source_last_checked_utc,editorial_evidence_limit,candidate_status,source_review_status,live_lodging_status,verified_nightly_usd,guest_display_gate
MX-OAX,Oaxaca City & valleys,Mexico,North America,,,Explorer|Connector|Reflector,Food|Art|Culture|Nature,City|Mountain,Balanced,Cultural depth with optional slower pacing,Crowds and heat vary by dates,https://www.visitmexico.com/,Destination concept; recheck local experience availability,2026-09-24,"Editorial inference from existing destination goal tags; a prompt for exploration, not proof of an emotional outcome",CANDIDATE_ONLY,SOURCE_CLAIM_REVIEW_REQUIRED,NOT_CHECKED,,"Display only after destination-specific claim review, hard-constraint checks, and date/occupancy-specific live stay validation. No rate or availability claim from this workbook."
MX-SMA,San Miguel de Allende,Mexico,North America,,,Connector|Explorer|Restorer,Art|Food|Spa|Culture,Small city,Gentle,Walkable creative town and relaxed experiences,Cobblestones may affect mobility,https://www.rosewoodhotels.com/en/san-miguel-de-allende/wellness,Destination concept; source is property context,2026-09-24,"Editorial inference from existing destination goal tags; a prompt for exploration, not proof of an emotional outcome",CANDIDATE_ONLY,SOURCE_CLAIM_REVIEW_REQUIRED,NOT_CHECKED,,"Display only after destination-specific claim review, hard-constraint checks, and date/occupancy-specific live stay validation. No rate or availability claim from this workbook."
MX-VDG,Valle de Guadalupe,Mexico,North America,,,Restorer|Connector|Explorer,Food|Wine|Spa|Nature,Rural valley,Gentle,Culinary escape and open landscapes,Driving and wine focus may not suit guest,https://montevalle.com/,Destination concept; source is property context,2026-09-24,"Editorial inference from existing destination goal tags; a prompt for exploration, not proof of an emotional outcome",CANDIDATE_ONLY,SOURCE_CLAIM_REVIEW_REQUIRED,NOT_CHECKED,,"Display only after destination-specific claim review, hard-constraint checks, and date/occupancy-specific live stay validation. No rate or availability claim from this workbook."
CR-ARE,La Fortuna & Arenal,Costa Rica,North America,,,Adventurer|Restorer|Connector,Rainforest|Hot springs|Wildlife,Rainforest,Balanced,Combines movement and recovery,Rain and activity demands vary,https://www.visitcostarica.com/where-to-go/northern-plains,Official tourism source,2026-09-24,"Editorial inference from existing destination goal tags; a prompt for exploration, not proof of an emotional outcome",CANDIDATE_ONLY,SOURCE_CLAIM_REVIEW_REQUIRED,NOT_CHECKED,,"Display only after destination-specific claim review, hard-constraint checks, and date/occupancy-specific live stay validation. No rate or availability claim from this workbook."
CR-NIC,Nicoya Peninsula,Costa Rica,North America,,,Restorer|Connector|Adventurer,Beach|Nature|Yoga,Coast,Gentle,Slower coastal rhythm,Transfers vary greatly by town,https://www.visitcostarica.com/things-to-do/wellness-in-costa-rica,Official tourism source,2026-09-24,"Editorial inference from existing destination goal tags; a prompt for exploration, not proof of an emotional outcome",CANDIDATE_ONLY,SOURCE_CLAIM_REVIEW_REQUIRED,NOT_CHECKED,,"Display only after destination-specific claim review, hard-constraint checks, and date/occupancy-specific live stay validation. No rate or availability claim from this workbook."
CO-CAR,Cartagena,Colombia,South America,,,Explorer|Connector|Restorer,History|Food|Art|Coast,Historic city|Coast,Balanced,Vibrant culture and optional water time,Heat and noise in central streets,https://colombia.travel/en/cartagena/tour-historic-center,Official tourism source,2026-09-24,"Editorial inference from existing destination goal tags; a prompt for exploration, not proof of an emotional outcome",CANDIDATE_ONLY,SOURCE_CLAIM_REVIEW_REQUIRED,NOT_CHECKED,,"Display only after destination-specific claim review, hard-constraint checks, and date/occupancy-specific live stay validation. No rate or availability claim from this workbook."
CO-COF,Coffee Cultural Landscape,Colombia,South America,,,Reflector|Explorer|Connector,Coffee|Nature|Culture,Highland towns,Gentle,Rural pace and local cultural engagement,Ground transfers between towns,https://colombia.travel/en/coffee-regions,Official tourism source,2026-09-24,"Editorial inference from existing destination goal tags; a prompt for exploration, not proof of an emotional outcome",CANDIDATE_ONLY,SOURCE_CLAIM_REVIEW_REQUIRED,NOT_CHECKED,,"Display only after destination-specific claim review, hard-constraint checks, and date/occupancy-specific live stay validation. No rate or availability claim from this workbook."
PE-SAC,Sacred Valley,Peru,South America,,,Explorer|Reflector|Adventurer,Culture|Nature|Community,Andean valley,Balanced,Living culture and mountain scenery,Altitude requires an appropriate plan,https://www.peru.travel/experiences/la-tierra-de-los-yachaqs,Official tourism source,2026-09-24,"Editorial inference from existing destination goal tags; a prompt for exploration, not proof of an emotional outcome",CANDIDATE_ONLY,SOURCE_CLAIM_REVIEW_REQUIRED,NOT_CHECKED,,"Display only after destination-specific claim review, hard-constraint checks, and date/occupancy-specific live stay validation. No rate or availability claim from this workbook."
US-TUC,Tucson & Sonoran Desert,United States,North America,,,Restorer|Adventurer|Reflector,Desert|Hiking|Spa,Desert,Balanced,Space for quiet and active days,Summer heat limits midday outings,https://www.visittucson.org/things-to-do/health-and-wellness/,Official tourism source,2026-09-24,"Editorial inference from existing destination goal tags; a prompt for exploration, not proof of an emotional outcome",CANDIDATE_ONLY,SOURCE_CLAIM_REVIEW_REQUIRED,NOT_CHECKED,,"Display only after destination-specific claim review, hard-constraint checks, and date/occupancy-specific live stay validation. No rate or availability claim from this workbook."
US-SED,Sedona,United States,North America,,,Reflector|Adventurer|Restorer,Red rocks|Hiking|Art,Desert,Balanced,Visual landscape and reflective time,Popular trails can be crowded,https://visitsedona.com/,Tourism destination source; verify specific itinerary,2026-09-24,"Editorial inference from existing destination goal tags; a prompt for exploration, not proof of an emotional outcome",CANDIDATE_ONLY,SOURCE_CLAIM_REVIEW_REQUIRED,NOT_CHECKED,,"Display only after destination-specific claim review, hard-constraint checks, and date/occupancy-specific live stay validation. No rate or availability claim from this workbook."
CA-BC,Vancouver Island,Canada,North America,,,Restorer|Adventurer|Connector,Coast|Forest|Food,Coast|Forest,Balanced,Nature with independent pace,Island transfers require planning,https://www.destinationbc.ca/,Tourism organization; verify local detail,2026-09-24,"Editorial inference from existing destination goal tags; a prompt for exploration, not proof of an emotional outcome",CANDIDATE_ONLY,SOURCE_CLAIM_REVIEW_REQUIRED,NOT_CHECKED,,"Display only after destination-specific claim review, hard-constraint checks, and date/occupancy-specific live stay validation. No rate or availability claim from this workbook."
PT-DOU,Douro Valley,Portugal,Europe,,,Restorer|Connector|Explorer,Wine|Food|Nature,River valley,Gentle,Scenic slower trip with food and place,Rural driving and hills,https://www.visitportugal.com/en/content/douro-wine-villages,Official tourism source,2026-09-24,"Editorial inference from existing destination goal tags; a prompt for exploration, not proof of an emotional outcome",CANDIDATE_ONLY,SOURCE_CLAIM_REVIEW_REQUIRED,NOT_CHECKED,,"Display only after destination-specific claim review, hard-constraint checks, and date/occupancy-specific live stay validation. No rate or availability claim from this workbook."
PT-AZO,"São Miguel, Azores",Portugal,Europe,,,Adventurer|Reflector|Restorer,Geothermal|Nature|Ocean,Island,Balanced,Nature and geothermal experiences,Weather shifts quickly; flights limited,https://www.visitportugal.com/en/destinos/acores/412693,Official tourism source,2026-09-24,"Editorial inference from existing destination goal tags; a prompt for exploration, not proof of an emotional outcome",CANDIDATE_ONLY,SOURCE_CLAIM_REVIEW_REQUIRED,NOT_CHECKED,,"Display only after destination-specific claim review, hard-constraint checks, and date/occupancy-specific live stay validation. No rate or availability claim from this workbook."
IS-ICE,Southwest Iceland,Iceland,Europe,,,Adventurer|Reflector|Restorer,Geothermal|Landscape|Nature,Volcanic coast,Balanced,Striking scenery and hot water,Weather and driving safety are material,https://www.visiticeland.com/,Official tourism source; verify subregion activities,2026-09-24,"Editorial inference from existing destination goal tags; a prompt for exploration, not proof of an emotional outcome",CANDIDATE_ONLY,SOURCE_CLAIM_REVIEW_REQUIRED,NOT_CHECKED,,"Display only after destination-specific claim review, hard-constraint checks, and date/occupancy-specific live stay validation. No rate or availability claim from this workbook."
GR-PEL,Peloponnese,Greece,Europe,,,Restorer|Explorer|Connector,Coast|History|Food,Coast|Mountain,Gentle,Culture and flexible coastal leisure,Seasonality varies across region,https://www.visitgreece.gr/,Official tourism source; verify subregion activities,2026-09-24,"Editorial inference from existing destination goal tags; a prompt for exploration, not proof of an emotional outcome",CANDIDATE_ONLY,SOURCE_CLAIM_REVIEW_REQUIRED,NOT_CHECKED,,"Display only after destination-specific claim review, hard-constraint checks, and date/occupancy-specific live stay validation. No rate or availability claim from this workbook."
MA-MAR,Marrakech & Atlas foothills,Morocco,Africa,,,Explorer|Connector|Adventurer,Markets|Craft|Mountain,City|Mountain,Balanced,High sensory cultural immersion with a slower base,Medina bustle may overwhelm guests seeking silence,https://www.visitmorocco.com/en/travel/marrakech/nature,Official tourism source,2026-09-24,"Editorial inference from existing destination goal tags; a prompt for exploration, not proof of an emotional outcome",CANDIDATE_ONLY,SOURCE_CLAIM_REVIEW_REQUIRED,NOT_CHECKED,,"Display only after destination-specific claim review, hard-constraint checks, and date/occupancy-specific live stay validation. No rate or availability claim from this workbook."
MA-ESS,Essaouira,Morocco,Africa,,,Restorer|Explorer|Connector,Coast|Art|Food,Coastal town,Gentle,Creative coastal pace,Wind and temperature vary by season,https://www.visitmorocco.com/en/travel/essaouira-mogador,Official tourism source,2026-09-24,"Editorial inference from existing destination goal tags; a prompt for exploration, not proof of an emotional outcome",CANDIDATE_ONLY,SOURCE_CLAIM_REVIEW_REQUIRED,NOT_CHECKED,,"Display only after destination-specific claim review, hard-constraint checks, and date/occupancy-specific live stay validation. No rate or availability claim from this workbook."
ZA-CAP,Cape Winelands,South Africa,Africa,,,Connector|Explorer|Restorer,Wine|Food|Nature,Vineyards|Mountain,Gentle,Food and scenery with flexible pacing,Road transfers and driving,https://www.southafrica.net/bw/en/travel/article/cape-winelands-fruits-of-the-vine,Official tourism source,2026-09-24,"Editorial inference from existing destination goal tags; a prompt for exploration, not proof of an emotional outcome",CANDIDATE_ONLY,SOURCE_CLAIM_REVIEW_REQUIRED,NOT_CHECKED,,"Display only after destination-specific claim review, hard-constraint checks, and date/occupancy-specific live stay validation. No rate or availability claim from this workbook."
JO-WAD,Wadi Rum & Petra,Jordan,Asia,,,Explorer|Adventurer|Reflector,History|Desert|Stargazing,Desert,Active,Expansive landscapes and history,"Walking, heat and transport require planning",https://international.visitjordan.com/unesco/,Official tourism source,2026-09-24,"Editorial inference from existing destination goal tags; a prompt for exploration, not proof of an emotional outcome",CANDIDATE_ONLY,SOURCE_CLAIM_REVIEW_REQUIRED,NOT_CHECKED,,"Display only after destination-specific claim review, hard-constraint checks, and date/occupancy-specific live stay validation. No rate or availability claim from this workbook."
IN-RIS,Rishikesh,India,Asia,,,Reflector|Restorer|Explorer,Yoga|River|Culture,River|Foothills,Gentle,Spiritual and active options across budgets,Practice traditions and comfort level vary,https://www.incredibleindia.gov.in/en/uttarakhand/rishikesh/gita-bhawan,Official tourism source,2026-09-24,"Editorial inference from existing destination goal tags; a prompt for exploration, not proof of an emotional outcome",CANDIDATE_ONLY,SOURCE_CLAIM_REVIEW_REQUIRED,NOT_CHECKED,,"Display only after destination-specific claim review, hard-constraint checks, and date/occupancy-specific live stay validation. No rate or availability claim from this workbook."
ID-UBU,Ubud,Indonesia,Asia,,,Reflector|Explorer|Restorer,Art|Nature|Food|Yoga,Town|Jungle,Gentle,Creative setting and nature,Traffic and busy core areas,https://www.indonesia.travel/uk/en/destination/bali-nusa-tenggara/bali/ubud,Official tourism source,2026-09-24,"Editorial inference from existing destination goal tags; a prompt for exploration, not proof of an emotional outcome",CANDIDATE_ONLY,SOURCE_CLAIM_REVIEW_REQUIRED,NOT_CHECKED,,"Display only after destination-specific claim review, hard-constraint checks, and date/occupancy-specific live stay validation. No rate or availability claim from this workbook."
JP-KIN,Kinosaki Onsen,Japan,Asia,,,Restorer|Reflector|Explorer,Onsen|Food|Tradition,Small town,Gentle,Traditional thermal bathing and compact town,Bath etiquette and lodging rules need confirmation,https://www.japan.travel/en/spot/2005/,Official tourism source,2026-09-24,"Editorial inference from existing destination goal tags; a prompt for exploration, not proof of an emotional outcome",CANDIDATE_ONLY,SOURCE_CLAIM_REVIEW_REQUIRED,NOT_CHECKED,,"Display only after destination-specific claim review, hard-constraint checks, and date/occupancy-specific live stay validation. No rate or availability claim from this workbook."
TH-CNX,Chiang Mai,Thailand,Asia,,,Explorer|Reflector|Connector,Culture|Food|Nature,City|Mountain,Balanced,Flexible cultural immersion,Air quality and heat vary seasonally,https://www.tourismthailand.org/Destinations/Provinces/Chiang-Mai/101,Tourism source; recheck link and seasonal conditions,2026-09-24,"Editorial inference from existing destination goal tags; a prompt for exploration, not proof of an emotional outcome",CANDIDATE_ONLY,SOURCE_CLAIM_REVIEW_REQUIRED,NOT_CHECKED,,"Display only after destination-specific claim review, hard-constraint checks, and date/occupancy-specific live stay validation. No rate or availability claim from this workbook."
NZ-ROT,Rotorua,New Zealand,Oceania,,,Explorer|Adventurer|Restorer,Geothermal|Māori culture|Forest,Lake|Forest,Balanced,Geothermal activity and cultural learning,Some activities involve strong odors or heat,https://www.newzealand.com/uk/rotorua-hot-pools-and-health-spas/,Official tourism source,2026-09-24,"Editorial inference from existing destination goal tags; a prompt for exploration, not proof of an emotional outcome",CANDIDATE_ONLY,SOURCE_CLAIM_REVIEW_REQUIRED,NOT_CHECKED,,"Display only after destination-specific claim review, hard-constraint checks, and date/occupancy-specific live stay validation. No rate or availability claim from this workbook."
NZ-QUE,Queenstown,New Zealand,Oceania,,,Adventurer|Connector|Reflector,Mountains|Lake|Food,Alpine lake,Active,Choice of active and scenic experiences,Adventure activities and transport can raise cost,https://www.newzealand.com/us/,Official tourism source; verify specific activities,2026-09-24,"Editorial inference from existing destination goal tags; a prompt for exploration, not proof of an emotional outcome",CANDIDATE_ONLY,SOURCE_CLAIM_REVIEW_REQUIRED,NOT_CHECKED,,"Display only after destination-specific claim review, hard-constraint checks, and date/occupancy-specific live stay validation. No rate or availability claim from this workbook."
MV-BAA,Baa Atoll,Maldives,Asia,,,Restorer|Connector|Reflector,Ocean|Nature|Spa,Island,Gentle,Quiet water setting and optional indulgence,Seaplane transfers and resort exclusivity can increase cost,https://visitmaldives.com/en/experience/an-invitation-to-discover-the-maldives,Official tourism source,2026-09-24,"Editorial inference from existing destination goal tags; a prompt for exploration, not proof of an emotional outcome",CANDIDATE_ONLY,SOURCE_CLAIM_REVIEW_REQUIRED,NOT_CHECKED,,"Display only after destination-specific claim review, hard-constraint checks, and date/occupancy-specific live stay validation. No rate or availability claim from this workbook."
QA-DOH,Doha,Qatar,Asia,,,Explorer|Connector|Restorer,Museums|Food|Art|Spa,City|Coast,Gentle,Arts and urban discovery with comfortable stays,Outdoor time needs seasonal planning,https://visitqatar.com/,Official tourism source; verify specific activities,2026-09-24,"Editorial inference from existing destination goal tags; a prompt for exploration, not proof of an emotional outcome",CANDIDATE_ONLY,SOURCE_CLAIM_REVIEW_REQUIRED,NOT_CHECKED,,"Display only after destination-specific claim review, hard-constraint checks, and date/occupancy-specific live stay validation. No rate or availability claim from this workbook."
AU-BYR,Byron hinterland,Australia,Oceania,,,Restorer|Connector|Adventurer,Coast|Nature|Food,Coast|Hinterland,Balanced,Nature and flexible slow travel,High demand dates affect lodging options,https://www.australia.com/en/places/byron-bay-and-surrounds.html,Official tourism source; verify specific activities,2026-09-24,"Editorial inference from existing destination goal tags; a prompt for exploration, not proof of an emotional outcome",CANDIDATE_ONLY,SOURCE_CLAIM_REVIEW_REQUIRED,NOT_CHECKED,,"Display only after destination-specific claim review, hard-constraint checks, and date/occupancy-specific live stay validation. No rate or availability claim from this workbook."
NE-1159151609,Tokyo,Japan,Asia,35.686963,139.749462,Discovery; Inspiration,"Large urban destination with food, arts, and neighborhoods",Regional destination,Guest-dependent; confirm desired pace,"Consider when guest seeks discovery and inspiration: large urban destination with food, arts, and neighborhoods. This is an editorial interpretation, not a guest-specific conclusion.","Urban scale and transit complexity; verify dates, occupancy, price and access",https://www.japan.travel/en/experiences-in-japan/cities/,Official destination tourism page or official destination listing; broad editorial interpretation,2026-09-24,"Official page supports the destination context only. Emotion match and tradeoffs are Velari editorial hypotheses; live properties, experiences, availability and prices unverified.",CANDIDATE_ONLY,SOURCE_CLAIM_REVIEW_REQUIRED,NOT_CHECKED,,"Display only after destination-specific claim review, hard-constraint checks, and date/occupancy-specific live stay validation. No rate or availability claim from this workbook."
NE-1159151537,Osaka,Japan,Asia,34.751981,135.458199,Connection; Discovery,Urban food and culture destination,Regional destination,Guest-dependent; confirm desired pace,"Consider when guest seeks connection and discovery: urban food and culture destination. This is an editorial interpretation, not a guest-specific conclusion.","Crowded districts and urban pace; verify dates, occupancy, price and access",https://www.japan.travel/en/experiences-in-japan/cities/,Official destination tourism page or official destination listing; broad editorial interpretation,2026-09-24,"Official page supports the destination context only. Emotion match and tradeoffs are Velari editorial hypotheses; live properties, experiences, availability and prices unverified.",CANDIDATE_ONLY,SOURCE_CLAIM_REVIEW_REQUIRED,NOT_CHECKED,,"Display only after destination-specific claim review, hard-constraint checks, and date/occupancy-specific live stay validation. No rate or availability claim from this workbook."
NE-1159151399,Sapporo,Japan,Asia,43.076925,141.338099,Discovery; Adventure,Northern Japanese city with seasonal culture,Urban / regional gateway,Guest-dependent; confirm desired pace,"Consider when guest seeks discovery and adventure: northern japanese city with seasonal culture. This is an editorial interpretation, not a guest-specific conclusion.","Seasonal weather and long transfers; verify dates, occupancy, price and access",https://www.japan.travel/en/experiences-in-japan/cities/,Official destination tourism page or official destination listing; broad editorial interpretation,2026-09-24,"Official page supports the destination context only. Emotion match and tradeoffs are Velari editorial hypotheses; live properties, experiences, availability and prices unverified.",CANDIDATE_ONLY,SOURCE_CLAIM_REVIEW_REQUIRED,NOT_CHECKED,,"Display only after destination-specific claim review, hard-constraint checks, and date/occupancy-specific live stay validation. No rate or availability claim from this workbook."
NE-1159151389,Hiroshima,Japan,Asia,34.389781,132.440967,Reflection; Discovery,City with significant historical and cultural sites,Regional destination,Guest-dependent; confirm desired pace,"Consider when guest seeks reflection and discovery: city with significant historical and cultural sites. This is an editorial interpretation, not a guest-specific conclusion.","Some historical visits are emotionally demanding; verify dates, occupancy, price and access",https://www.japan.travel/en/experiences-in-japan/cities/,Official destination tourism page or official destination listing; broad editorial interpretation,2026-09-24,"Official page supports the destination context only. Emotion match and tradeoffs are Velari editorial hypotheses; live properties, experiences, availability and prices unverified.",CANDIDATE_ONLY,SOURCE_CLAIM_REVIEW_REQUIRED,NOT_CHECKED,,"Display only after destination-specific claim review, hard-constraint checks, and date/occupancy-specific live stay validation. No rate or availability claim from this workbook."
NE-1159151503,Madrid,Spain,Europe,40.401972,-3.685298,Discovery; Inspiration,Capital city destination with cultural sites,Urban / regional gateway,Guest-dependent; confirm desired pace,"Consider when guest seeks discovery and inspiration: capital city destination with cultural sites. This is an editorial interpretation, not a guest-specific conclusion.","Urban pace and summer heat; verify dates, occupancy, price and access",https://www.spain.info/en/destinations/,Official destination tourism page or official destination listing; broad editorial interpretation,2026-09-24,"Official page supports the destination context only. Emotion match and tradeoffs are Velari editorial hypotheses; live properties, experiences, availability and prices unverified.",CANDIDATE_ONLY,SOURCE_CLAIM_REVIEW_REQUIRED,NOT_CHECKED,,"Display only after destination-specific claim review, hard-constraint checks, and date/occupancy-specific live stay validation. No rate or availability claim from this workbook."
NE-1159151545,Athens,Greece,Europe,37.985272,23.731375,Discovery; Reflection,Historic capital with archaeological and cultural sites,Regional destination,Guest-dependent; confirm desired pace,"Consider when guest seeks discovery and reflection: historic capital with archaeological and cultural sites. This is an editorial interpretation, not a guest-specific conclusion.","Summer heat and site crowds; verify dates, occupancy, price and access",https://www.visitgreece.gr/mainland/attica/athens/,Official destination tourism page or official destination listing; broad editorial interpretation,2026-09-24,"Official page supports the destination context only. Emotion match and tradeoffs are Velari editorial hypotheses; live properties, experiences, availability and prices unverified.",CANDIDATE_ONLY,SOURCE_CLAIM_REVIEW_REQUIRED,NOT_CHECKED,,"Display only after destination-specific claim review, hard-constraint checks, and date/occupancy-specific live stay validation. No rate or availability claim from this workbook."
NE-1159151505,Geneva,Switzerland,Europe,46.210008,6.140028,Reflection; Discovery,Lakeside city destination,Urban / regional gateway,Guest-dependent; confirm desired pace,"Consider when guest seeks reflection and discovery: lakeside city destination. This is an editorial interpretation, not a guest-specific conclusion.","High accommodation costs; verify dates, occupancy, price and access",https://www.myswitzerland.com/en-us/destinations/holiday-destinations/holiday-destinations-search/,Official destination tourism page or official destination listing; broad editorial interpretation,2026-09-24,"Official page supports the destination context only. Emotion match and tradeoffs are Velari editorial hypotheses; live properties, experiences, availability and prices unverified.",CANDIDATE_ONLY,SOURCE_CLAIM_REVIEW_REQUIRED,NOT_CHECKED,,"Display only after destination-specific claim review, hard-constraint checks, and date/occupancy-specific live stay validation. No rate or availability claim from this workbook."
NE-1159151261,Barcelona,Spain,Europe,41.385245,2.181425,Inspiration; Discovery,"Architecture, culture, and Mediterranean coast",Regional destination,Guest-dependent; confirm desired pace,"Consider when guest seeks inspiration and discovery: architecture, culture, and mediterranean coast. This is an editorial interpretation, not a guest-specific conclusion.","Crowding and visitor pressure; verify dates, occupancy, price and access",https://www.spain.info/en/destination/barcelona/,Official destination tourism page or official destination listing; broad editorial interpretation,2026-09-24,"Official page supports the destination context only. Emotion match and tradeoffs are Velari editorial hypotheses; live properties, experiences, availability and prices unverified.",CANDIDATE_ONLY,SOURCE_CLAIM_REVIEW_REQUIRED,NOT_CHECKED,,"Display only after destination-specific claim review, hard-constraint checks, and date/occupancy-specific live stay validation. No rate or availability claim from this workbook."
NE-1159151271,Zurich,Switzerland,Europe,47.381934,8.548064,Discovery; Inspiration,Urban Swiss destination and regional gateway,Regional destination,Guest-dependent; confirm desired pace,"Consider when guest seeks discovery and inspiration: urban swiss destination and regional gateway. This is an editorial interpretation, not a guest-specific conclusion.","High accommodation costs; verify dates, occupancy, price and access",https://www.myswitzerland.com/en-us/destinations/holiday-destinations/holiday-destinations-search/,Official destination tourism page or official destination listing; broad editorial interpretation,2026-09-24,"Official page supports the destination context only. Emotion match and tradeoffs are Velari editorial hypotheses; live properties, experiences, availability and prices unverified.",CANDIDATE_ONLY,SOURCE_CLAIM_REVIEW_REQUIRED,NOT_CHECKED,,"Display only after destination-specific claim review, hard-constraint checks, and date/occupancy-specific live stay validation. No rate or availability claim from this workbook."
NE-1159150601,Seville,Spain,Europe,37.405015,-5.980007,Inspiration; Connection,Historic city with architecture and cultural traditions,Urban / regional gateway,Guest-dependent; confirm desired pace,"Consider when guest seeks inspiration and connection: historic city with architecture and cultural traditions. This is an editorial interpretation, not a guest-specific conclusion.","Summer heat; verify dates, occupancy, price and access",https://www.spain.info/en/destination/seville/,Official destination tourism page or official destination listing; broad editorial interpretation,2026-09-24,"Official page supports the destination context only. Emotion match and tradeoffs are Velari editorial hypotheses; live properties, experiences, availability and prices unverified.",CANDIDATE_ONLY,SOURCE_CLAIM_REVIEW_REQUIRED,NOT_CHECKED,,"Display only after destination-specific claim review, hard-constraint checks, and date/occupancy-specific live stay validation. No rate or availability claim from this workbook."
NE-1159150791,Valencia,Spain,Europe,39.486963,-0.401958,Restoration; Discovery,Mediterranean city destination,Urban / regional gateway,Guest-dependent; confirm desired pace,"Consider when guest seeks restoration and discovery: mediterranean city destination. This is an editorial interpretation, not a guest-specific conclusion.","Beach conditions depend on season; verify dates, occupancy, price and access",https://www.spain.info/en/destinations/,Official destination tourism page or official destination listing; broad editorial interpretation,2026-09-24,"Official page supports the destination context only. Emotion match and tradeoffs are Velari editorial hypotheses; live properties, experiences, availability and prices unverified.",CANDIDATE_ONLY,SOURCE_CLAIM_REVIEW_REQUIRED,NOT_CHECKED,,"Display only after destination-specific claim review, hard-constraint checks, and date/occupancy-specific live stay validation. No rate or availability claim from this workbook."
NE-1159151587,Mexico City,Mexico,North America,19.444388,-99.132934,Discovery; Inspiration,"Large city with museums, food, and neighborhoods",Urban / regional gateway,Guest-dependent; confirm desired pace,"Consider when guest seeks discovery and inspiration: large city with museums, food, and neighborhoods. This is an editorial interpretation, not a guest-specific conclusion.","Altitude and traffic; verify dates, occupancy, price and access",https://visitmexico.com/en,Official destination tourism page or official destination listing; broad editorial interpretation,2026-09-24,"Official page supports the destination context only. Emotion match and tradeoffs are Velari editorial hypotheses; live properties, experiences, availability and prices unverified.",CANDIDATE_ONLY,SOURCE_CLAIM_REVIEW_REQUIRED,NOT_CHECKED,,"Display only after destination-specific claim review, hard-constraint checks, and date/occupancy-specific live stay validation. No rate or availability claim from this workbook."
NE-1159150849,San Jose,Costa Rica,North America,9.936958,-84.085997,Discovery; Growth,Central Valley city and regional gateway,Urban / regional gateway,Guest-dependent; confirm desired pace,"Consider when guest seeks discovery and growth: central valley city and regional gateway. This is an editorial interpretation, not a guest-specific conclusion.","Gateway alone may not deliver nature intent; verify dates, occupancy, price and access",https://www.visitcostarica.com/en/costa-rica/where-to-go/central-valley,Official destination tourism page or official destination listing; broad editorial interpretation,2026-09-24,"Official page supports the destination context only. Emotion match and tradeoffs are Velari editorial hypotheses; live properties, experiences, availability and prices unverified.",CANDIDATE_ONLY,SOURCE_CLAIM_REVIEW_REQUIRED,NOT_CHECKED,,"Display only after destination-specific claim review, hard-constraint checks, and date/occupancy-specific live stay validation. No rate or availability claim from this workbook."
NE-1159140041,Puntarenas,Costa Rica,North America,9.970164,-84.83359,Adventure; Restoration,Pacific coast region gateway,Regional destination,Guest-dependent; confirm desired pace,"Consider when guest seeks adventure and restoration: pacific coast region gateway. This is an editorial interpretation, not a guest-specific conclusion.","Specific beach and transport must be checked; verify dates, occupancy, price and access",https://www.visitcostarica.com/en/costa-rica/where-to-go/puntarenas,Official destination tourism page or official destination listing; broad editorial interpretation,2026-09-24,"Official page supports the destination context only. Emotion match and tradeoffs are Velari editorial hypotheses; live properties, experiences, availability and prices unverified.",CANDIDATE_ONLY,SOURCE_CLAIM_REVIEW_REQUIRED,NOT_CHECKED,,"Display only after destination-specific claim review, hard-constraint checks, and date/occupancy-specific live stay validation. No rate or availability claim from this workbook."
NE-1159140055,Liberia,Costa Rica,North America,10.633755,-85.433323,Restoration; Adventure,Guanacaste gateway for coast and dry forest,Regional destination,Guest-dependent; confirm desired pace,"Consider when guest seeks restoration and adventure: guanacaste gateway for coast and dry forest. This is an editorial interpretation, not a guest-specific conclusion.","Nearby coastal experiences require transfer; verify dates, occupancy, price and access",https://www.visitcostarica.com/en/costa-rica/where-to-go/guanacaste,Official destination tourism page or official destination listing; broad editorial interpretation,2026-09-24,"Official page supports the destination context only. Emotion match and tradeoffs are Velari editorial hypotheses; live properties, experiences, availability and prices unverified.",CANDIDATE_ONLY,SOURCE_CLAIM_REVIEW_REQUIRED,NOT_CHECKED,,"Display only after destination-specific claim review, hard-constraint checks, and date/occupancy-specific live stay validation. No rate or availability claim from this workbook."
NE-1159151559,Buenos Aires,Argentina,South America,-34.600556,-58.399477,Inspiration; Connection,City destination with culture and dining,Regional destination,Guest-dependent; confirm desired pace,"Consider when guest seeks inspiration and connection: city destination with culture and dining. This is an editorial interpretation, not a guest-specific conclusion.","Urban scale and flight duration; verify dates, occupancy, price and access",https://www.argentina.travel/en/news/what-to-do-in-argentinas-most-sought-after-tourist-destinations,Official destination tourism page or official destination listing; broad editorial interpretation,2026-09-24,"Official page supports the destination context only. Emotion match and tradeoffs are Velari editorial hypotheses; live properties, experiences, availability and prices unverified.",CANDIDATE_ONLY,SOURCE_CLAIM_REVIEW_REQUIRED,NOT_CHECKED,,"Display only after destination-specific claim review, hard-constraint checks, and date/occupancy-specific live stay validation. No rate or availability claim from this workbook."
NE-1159151511,Lima,Peru,South America,-12.046067,-77.052008,Discovery; Connection,Coastal capital with culinary and cultural experiences,Regional destination,Guest-dependent; confirm desired pace,"Consider when guest seeks discovery and connection: coastal capital with culinary and cultural experiences. This is an editorial interpretation, not a guest-specific conclusion.","Traffic and neighborhood selection; verify dates, occupancy, price and access",https://www.peru.travel/destinations/lima,Official destination tourism page or official destination listing; broad editorial interpretation,2026-09-24,"Official page supports the destination context only. Emotion match and tradeoffs are Velari editorial hypotheses; live properties, experiences, availability and prices unverified.",CANDIDATE_ONLY,SOURCE_CLAIM_REVIEW_REQUIRED,NOT_CHECKED,,"Display only after destination-specific claim review, hard-constraint checks, and date/occupancy-specific live stay validation. No rate or availability claim from this workbook."
NE-1159150469,Montevideo,Uruguay,South America,-34.856096,-56.172998,Restoration; Connection,Coastal capital and urban culture,Regional destination,Guest-dependent; confirm desired pace,"Consider when guest seeks restoration and connection: coastal capital and urban culture. This is an editorial interpretation, not a guest-specific conclusion.","Weather and beach season; verify dates, occupancy, price and access",https://uruguaynatural.com/en/,Official destination tourism page or official destination listing; broad editorial interpretation,2026-09-24,"Official page supports the destination context only. Emotion match and tradeoffs are Velari editorial hypotheses; live properties, experiences, availability and prices unverified.",CANDIDATE_ONLY,SOURCE_CLAIM_REVIEW_REQUIRED,NOT_CHECKED,,"Display only after destination-specific claim review, hard-constraint checks, and date/occupancy-specific live stay validation. No rate or availability claim from this workbook."
NE-1159151343,Medellin,Colombia,South America,6.276949,-75.576956,Discovery; Inspiration,City destination with cultural neighborhoods,Regional destination,Guest-dependent; confirm desired pace,"Consider when guest seeks discovery and inspiration: city destination with cultural neighborhoods. This is an editorial interpretation, not a guest-specific conclusion.","Neighborhood and transport fit need checking; verify dates, occupancy, price and access",https://colombia.travel/en/medellin,Official destination tourism page or official destination listing; broad editorial interpretation,2026-09-24,"Official page supports the destination context only. Emotion match and tradeoffs are Velari editorial hypotheses; live properties, experiences, availability and prices unverified.",CANDIDATE_ONLY,SOURCE_CLAIM_REVIEW_REQUIRED,NOT_CHECKED,,"Display only after destination-specific claim review, hard-constraint checks, and date/occupancy-specific live stay validation. No rate or availability claim from this workbook."
NE-1159150847,Quito,Ecuador,South America,-0.213042,-78.501997,Discovery; Reflection,Andean capital and heritage base,Regional destination,Guest-dependent; confirm desired pace,"Consider when guest seeks discovery and reflection: andean capital and heritage base. This is an editorial interpretation, not a guest-specific conclusion.","Altitude and travel time; verify dates, occupancy, price and access",https://ecuador.travel/en/,Official destination tourism page or official destination listing; broad editorial interpretation,2026-09-24,"Official page supports the destination context only. Emotion match and tradeoffs are Velari editorial hypotheses; live properties, experiences, availability and prices unverified.",CANDIDATE_ONLY,SOURCE_CLAIM_REVIEW_REQUIRED,NOT_CHECKED,,"Display only after destination-specific claim review, hard-constraint checks, and date/occupancy-specific live stay validation. No rate or availability claim from this workbook."
NE-1159151093,Mendoza,Argentina,South America,-32.881384,-68.818557,Connection; Discovery,Wine region city with Andean access,Urban / regional gateway,Guest-dependent; confirm desired pace,"Consider when guest seeks connection and discovery: wine region city with andean access. This is an editorial interpretation, not a guest-specific conclusion.","Winery transport and seasonality; verify dates, occupancy, price and access",https://www.argentina.travel/en/news/what-to-do-in-argentinas-most-sought-after-tourist-destinations,Official destination tourism page or official destination listing; broad editorial interpretation,2026-09-24,"Official page supports the destination context only. Emotion match and tradeoffs are Velari editorial hypotheses; live properties, experiences, availability and prices unverified.",CANDIDATE_ONLY,SOURCE_CLAIM_REVIEW_REQUIRED,NOT_CHECKED,,"Display only after destination-specific claim review, hard-constraint checks, and date/occupancy-specific live stay validation. No rate or availability claim from this workbook."
NE-1159150611,Cusco,Peru,South America,-13.525029,-71.972155,Discovery; Reflection,Historic Andean destination,Regional destination,Guest-dependent; confirm desired pace,"Consider when guest seeks discovery and reflection: historic andean destination. This is an editorial interpretation, not a guest-specific conclusion.","Altitude acclimatization and timed entries; verify dates, occupancy, price and access",https://www.peru.travel/destinations/cusco,Official destination tourism page or official destination listing; broad editorial interpretation,2026-09-24,"Official page supports the destination context only. Emotion match and tradeoffs are Velari editorial hypotheses; live properties, experiences, availability and prices unverified.",CANDIDATE_ONLY,SOURCE_CLAIM_REVIEW_REQUIRED,NOT_CHECKED,,"Display only after destination-specific claim review, hard-constraint checks, and date/occupancy-specific live stay validation. No rate or availability claim from this workbook."
NE-1159150931,Valparaiso,Chile,South America,-33.045819,-71.62296,Inspiration; Discovery,Hillside port city with arts and urban heritage,Urban / regional gateway,Guest-dependent; confirm desired pace,"Consider when guest seeks inspiration and discovery: hillside port city with arts and urban heritage. This is an editorial interpretation, not a guest-specific conclusion.","Steep terrain and accessibility; verify dates, occupancy, price and access",https://chile.travel/en/destinations/valparaiso/,Official destination tourism page or official destination listing; broad editorial interpretation,2026-09-24,"Official page supports the destination context only. Emotion match and tradeoffs are Velari editorial hypotheses; live properties, experiences, availability and prices unverified.",CANDIDATE_ONLY,SOURCE_CLAIM_REVIEW_REQUIRED,NOT_CHECKED,,"Display only after destination-specific claim review, hard-constraint checks, and date/occupancy-specific live stay validation. No rate or availability claim from this workbook."
NE-1159149417,Arequipa,Peru,South America,-16.418048,-71.531957,Discovery; Adventure,Historic city and access to southern landscapes,Urban / regional gateway,Guest-dependent; confirm desired pace,"Consider when guest seeks discovery and adventure: historic city and access to southern landscapes. This is an editorial interpretation, not a guest-specific conclusion.","Altitude and excursion logistics; verify dates, occupancy, price and access",https://www.peru.travel/destinations/arequipa,Official destination tourism page or official destination listing; broad editorial interpretation,2026-09-24,"Official page supports the destination context only. Emotion match and tradeoffs are Velari editorial hypotheses; live properties, experiences, availability and prices unverified.",CANDIDATE_ONLY,SOURCE_CLAIM_REVIEW_REQUIRED,NOT_CHECKED,,"Display only after destination-specific claim review, hard-constraint checks, and date/occupancy-specific live stay validation. No rate or availability claim from this workbook."
NE-1159151583,Cape Town,South Africa,Africa,-33.918065,18.433042,Adventure; Discovery,Coastal city with mountain and cultural experiences,Urban / regional gateway,Guest-dependent; confirm desired pace,"Consider when guest seeks adventure and discovery: coastal city with mountain and cultural experiences. This is an editorial interpretation, not a guest-specific conclusion.","Weather, driving and activity conditions; verify dates, occupancy, price and access",https://www.southafrica.net/gl/en/travel/category/places-to-go/cities/cape-town,Official destination tourism page or official destination listing; broad editorial interpretation,2026-09-24,"Official page supports the destination context only. Emotion match and tradeoffs are Velari editorial hypotheses; live properties, experiences, availability and prices unverified.",CANDIDATE_ONLY,SOURCE_CLAIM_REVIEW_REQUIRED,NOT_CHECKED,,"Display only after destination-specific claim review, hard-constraint checks, and date/occupancy-specific live stay validation. No rate or availability claim from this workbook."
NE-1159151597,Nairobi,Kenya,Africa,-1.281401,36.814711,Discovery; Adventure,Urban gateway with culture and nearby nature,Regional destination,Guest-dependent; confirm desired pace,"Consider when guest seeks discovery and adventure: urban gateway with culture and nearby nature. This is an editorial interpretation, not a guest-specific conclusion.","Traffic and activity reservations; verify dates, occupancy, price and access",https://magicalkenya.com/destinations/nairobi/,Official destination tourism page or official destination listing; broad editorial interpretation,2026-09-24,"Official page supports the destination context only. Emotion match and tradeoffs are Velari editorial hypotheses; live properties, experiences, availability and prices unverified.",CANDIDATE_ONLY,SOURCE_CLAIM_REVIEW_REQUIRED,NOT_CHECKED,,"Display only after destination-specific claim review, hard-constraint checks, and date/occupancy-specific live stay validation. No rate or availability claim from this workbook."
NE-1159151521,Casablanca,Morocco,Africa,33.601922,-7.618313,Discovery; Inspiration,Atlantic city and architecture destination,Urban / regional gateway,Guest-dependent; confirm desired pace,"Consider when guest seeks discovery and inspiration: atlantic city and architecture destination. This is an editorial interpretation, not a guest-specific conclusion.","Urban pace; verify dates, occupancy, price and access",https://www.visitmorocco.com/en/travel/casablanca,Official destination tourism page or official destination listing; broad editorial interpretation,2026-09-24,"Official page supports the destination context only. Emotion match and tradeoffs are Velari editorial hypotheses; live properties, experiences, availability and prices unverified.",CANDIDATE_ONLY,SOURCE_CLAIM_REVIEW_REQUIRED,NOT_CHECKED,,"Display only after destination-specific claim review, hard-constraint checks, and date/occupancy-specific live stay validation. No rate or availability claim from this workbook."
NE-1159149385,Kigali,Rwanda,Africa,-1.951644,30.058586,Reflection; Discovery,Capital city with cultural experiences,Urban / regional gateway,Guest-dependent; confirm desired pace,"Consider when guest seeks reflection and discovery: capital city with cultural experiences. This is an editorial interpretation, not a guest-specific conclusion.","Regional nature trips require substantial transfers; verify dates, occupancy, price and access",https://visitrwanda.com/destinations/kigali/,Official destination tourism page or official destination listing; broad editorial interpretation,2026-09-24,"Official page supports the destination context only. Emotion match and tradeoffs are Velari editorial hypotheses; live properties, experiences, availability and prices unverified.",CANDIDATE_ONLY,SOURCE_CLAIM_REVIEW_REQUIRED,NOT_CHECKED,,"Display only after destination-specific claim review, hard-constraint checks, and date/occupancy-specific live stay validation. No rate or availability claim from this workbook."
NE-1159150443,Port Louis,Mauritius,Africa,-20.166639,57.499994,Discovery; Connection,Island capital with markets and urban culture,Regional destination,Guest-dependent; confirm desired pace,"Consider when guest seeks discovery and connection: island capital with markets and urban culture. This is an editorial interpretation, not a guest-specific conclusion.","Coastal resort experience requires transfer; verify dates, occupancy, price and access",https://mauritiusnow.com/,Official destination tourism page or official destination listing; broad editorial interpretation,2026-09-24,"Official page supports the destination context only. Emotion match and tradeoffs are Velari editorial hypotheses; live properties, experiences, availability and prices unverified.",CANDIDATE_ONLY,SOURCE_CLAIM_REVIEW_REQUIRED,NOT_CHECKED,,"Display only after destination-specific claim review, hard-constraint checks, and date/occupancy-specific live stay validation. No rate or availability claim from this workbook."
NE-1159151191,Victoria,Seychelles,Africa,-4.616632,55.44999,Restoration; Discovery,Island capital and gateway,Regional destination,Guest-dependent; confirm desired pace,"Consider when guest seeks restoration and discovery: island capital and gateway. This is an editorial interpretation, not a guest-specific conclusion.","Island transfers and lodging location; verify dates, occupancy, price and access",https://seychelles.com/,Official destination tourism page or official destination listing; broad editorial interpretation,2026-09-24,"Official page supports the destination context only. Emotion match and tradeoffs are Velari editorial hypotheses; live properties, experiences, availability and prices unverified.",CANDIDATE_ONLY,SOURCE_CLAIM_REVIEW_REQUIRED,NOT_CHECKED,,"Display only after destination-specific claim review, hard-constraint checks, and date/occupancy-specific live stay validation. No rate or availability claim from this workbook."
NE-1159150789,Zanzibar,Tanzania,Africa,-6.16,39.200026,Restoration; Connection,Island destination with coast and historic Stone Town,Regional destination,Guest-dependent; confirm desired pace,"Consider when guest seeks restoration and connection: island destination with coast and historic stone town. This is an editorial interpretation, not a guest-specific conclusion.","Seasonal sea conditions and transfers; verify dates, occupancy, price and access",https://www.tanzaniatourism.go.tz/destination/zanzibar,Official destination tourism page or official destination listing; broad editorial interpretation,2026-09-24,"Official page supports the destination context only. Emotion match and tradeoffs are Velari editorial hypotheses; live properties, experiences, availability and prices unverified.",CANDIDATE_ONLY,SOURCE_CLAIM_REVIEW_REQUIRED,NOT_CHECKED,,"Display only after destination-specific claim review, hard-constraint checks, and date/occupancy-specific live stay validation. No rate or availability claim from this workbook."
NE-1159150673,Rabat,Morocco,Africa,34.025307,-6.836408,Reflection; Discovery,Coastal capital with historic sites,Regional destination,Guest-dependent; confirm desired pace,"Consider when guest seeks reflection and discovery: coastal capital with historic sites. This is an editorial interpretation, not a guest-specific conclusion.","Coastal weather and city transport; verify dates, occupancy, price and access",https://www.visitmorocco.com/en/travel/rabat,Official destination tourism page or official destination listing; broad editorial interpretation,2026-09-24,"Official page supports the destination context only. Emotion match and tradeoffs are Velari editorial hypotheses; live properties, experiences, availability and prices unverified.",CANDIDATE_ONLY,SOURCE_CLAIM_REVIEW_REQUIRED,NOT_CHECKED,,"Display only after destination-specific claim review, hard-constraint checks, and date/occupancy-specific live stay validation. No rate or availability claim from this workbook."
NE-1159150669,Fez,Morocco,Africa,34.056546,-5.002323,Discovery; Inspiration,Historic city with medina and craftsmanship,Urban / regional gateway,Guest-dependent; confirm desired pace,"Consider when guest seeks discovery and inspiration: historic city with medina and craftsmanship. This is an editorial interpretation, not a guest-specific conclusion.","Dense medina and accessibility; verify dates, occupancy, price and access",https://www.visitmorocco.com/en/travel/fez,Official destination tourism page or official destination listing; broad editorial interpretation,2026-09-24,"Official page supports the destination context only. Emotion match and tradeoffs are Velari editorial hypotheses; live properties, experiences, availability and prices unverified.",CANDIDATE_ONLY,SOURCE_CLAIM_REVIEW_REQUIRED,NOT_CHECKED,,"Display only after destination-specific claim review, hard-constraint checks, and date/occupancy-specific live stay validation. No rate or availability claim from this workbook."
NE-1159151623,Sydney,Australia,Oceania,-33.918065,151.183234,Discovery; Inspiration,Harbor city with arts and coastal experiences,Urban / regional gateway,Guest-dependent; confirm desired pace,"Consider when guest seeks discovery and inspiration: harbor city with arts and coastal experiences. This is an editorial interpretation, not a guest-specific conclusion.","High lodging costs and urban scale; verify dates, occupancy, price and access",https://www.australia.com/en/places.html,Official destination tourism page or official destination listing; broad editorial interpretation,2026-09-24,"Official page supports the destination context only. Emotion match and tradeoffs are Velari editorial hypotheses; live properties, experiences, availability and prices unverified.",CANDIDATE_ONLY,SOURCE_CLAIM_REVIEW_REQUIRED,NOT_CHECKED,,"Display only after destination-specific claim review, hard-constraint checks, and date/occupancy-specific live stay validation. No rate or availability claim from this workbook."
NE-1159151703,Auckland,New Zealand,Oceania,-36.848055,174.763027,Discovery; Connection,Harbor city with islands and regional outings,Urban / regional gateway,Guest-dependent; confirm desired pace,"Consider when guest seeks discovery and connection: harbor city with islands and regional outings. This is an editorial interpretation, not a guest-specific conclusion.","Island schedules and city traffic; verify dates, occupancy, price and access",https://www.newzealand.com/us/auckland/,Official destination tourism page or official destination listing; broad editorial interpretation,2026-09-24,"Official page supports the destination context only. Emotion match and tradeoffs are Velari editorial hypotheses; live properties, experiences, availability and prices unverified.",CANDIDATE_ONLY,SOURCE_CLAIM_REVIEW_REQUIRED,NOT_CHECKED,,"Display only after destination-specific claim review, hard-constraint checks, and date/occupancy-specific live stay validation. No rate or availability claim from this workbook."
NE-1159151565,Melbourne,Australia,Oceania,-37.818086,144.97307,Inspiration; Connection,City destination with arts and food,Regional destination,Guest-dependent; confirm desired pace,"Consider when guest seeks inspiration and connection: city destination with arts and food. This is an editorial interpretation, not a guest-specific conclusion.","Weather variability; verify dates, occupancy, price and access",https://www.australia.com/en/places.html,Official destination tourism page or official destination listing; broad editorial interpretation,2026-09-24,"Official page supports the destination context only. Emotion match and tradeoffs are Velari editorial hypotheses; live properties, experiences, availability and prices unverified.",CANDIDATE_ONLY,SOURCE_CLAIM_REVIEW_REQUIRED,NOT_CHECKED,,"Display only after destination-specific claim review, hard-constraint checks, and date/occupancy-specific live stay validation. No rate or availability claim from this workbook."
NE-1159151699,Wellington,New Zealand,Oceania,-41.299988,174.783266,Inspiration; Discovery,Compact capital with arts and waterfront,Regional destination,Guest-dependent; confirm desired pace,"Consider when guest seeks inspiration and discovery: compact capital with arts and waterfront. This is an editorial interpretation, not a guest-specific conclusion.","Wind and weather variability; verify dates, occupancy, price and access",https://www.newzealand.com/us/wellington/,Official destination tourism page or official destination listing; broad editorial interpretation,2026-09-24,"Official page supports the destination context only. Emotion match and tradeoffs are Velari editorial hypotheses; live properties, experiences, availability and prices unverified.",CANDIDATE_ONLY,SOURCE_CLAIM_REVIEW_REQUIRED,NOT_CHECKED,,"Display only after destination-specific claim review, hard-constraint checks, and date/occupancy-specific live stay validation. No rate or availability claim from this workbook."
NE-1159151701,Christchurch,New Zealand,Oceania,-43.535022,172.630023,Discovery; Adventure,South Island city and regional gateway,Urban / regional gateway,Guest-dependent; confirm desired pace,"Consider when guest seeks discovery and adventure: south island city and regional gateway. This is an editorial interpretation, not a guest-specific conclusion.","Nature side trips require driving; verify dates, occupancy, price and access",https://www.newzealand.com/us/christchurch-canterbury/,Official destination tourism page or official destination listing; broad editorial interpretation,2026-09-24,"Official page supports the destination context only. Emotion match and tradeoffs are Velari editorial hypotheses; live properties, experiences, availability and prices unverified.",CANDIDATE_ONLY,SOURCE_CLAIM_REVIEW_REQUIRED,NOT_CHECKED,,"Display only after destination-specific claim review, hard-constraint checks, and date/occupancy-specific live stay validation. No rate or availability claim from this workbook."
NE-1159151169,Brisbane,Australia,Oceania,-27.453085,153.033147,Discovery; Connection,River city and regional gateway,Urban / regional gateway,Guest-dependent; confirm desired pace,"Consider when guest seeks discovery and connection: river city and regional gateway. This is an editorial interpretation, not a guest-specific conclusion.","Summer humidity and side-trip distances; verify dates, occupancy, price and access",https://www.australia.com/en/places.html,Official destination tourism page or official destination listing; broad editorial interpretation,2026-09-24,"Official page supports the destination context only. Emotion match and tradeoffs are Velari editorial hypotheses; live properties, experiences, availability and prices unverified.",CANDIDATE_ONLY,SOURCE_CLAIM_REVIEW_REQUIRED,NOT_CHECKED,,"Display only after destination-specific claim review, hard-constraint checks, and date/occupancy-specific live stay validation. No rate or availability claim from this workbook."
NE-1159151165,Adelaide,Australia,Oceania,-34.933042,138.598059,Connection; Discovery,City with food culture and access to nearby regions,Regional destination,Guest-dependent; confirm desired pace,"Consider when guest seeks connection and discovery: city with food culture and access to nearby regions. This is an editorial interpretation, not a guest-specific conclusion.","Wine/coast side trips require transport; verify dates, occupancy, price and access",https://www.australia.com/en/places/adelaide-and-surrounds/guide-to-adelaide.html,Official destination tourism page or official destination listing; broad editorial interpretation,2026-09-24,"Official page supports the destination context only. Emotion match and tradeoffs are Velari editorial hypotheses; live properties, experiences, availability and prices unverified.",CANDIDATE_ONLY,SOURCE_CLAIM_REVIEW_REQUIRED,NOT_CHECKED,,"Display only after destination-specific claim review, hard-constraint checks, and date/occupancy-specific live stay validation. No rate or availability claim from this workbook."
NE-1159151695,Dunedin,New Zealand,Oceania,-45.885423,170.491016,Reflection; Discovery,South Island city with wildlife and heritage,Urban / regional gateway,Guest-dependent; confirm desired pace,"Consider when guest seeks reflection and discovery: south island city with wildlife and heritage. This is an editorial interpretation, not a guest-specific conclusion.","Wildlife viewing timing and transport; verify dates, occupancy, price and access",https://www.newzealand.com/us/dunedin/,Official destination tourism page or official destination listing; broad editorial interpretation,2026-09-24,"Official page supports the destination context only. Emotion match and tradeoffs are Velari editorial hypotheses; live properties, experiences, availability and prices unverified.",CANDIDATE_ONLY,SOURCE_CLAIM_REVIEW_REQUIRED,NOT_CHECKED,,"Display only after destination-specific claim review, hard-constraint checks, and date/occupancy-specific live stay validation. No rate or availability claim from this workbook."
NE-1159151171,Hobart,Australia,Oceania,-42.850009,147.29503,Reflection; Discovery,Tasmanian city with food and nature access,Urban / regional gateway,Guest-dependent; confirm desired pace,"Consider when guest seeks reflection and discovery: tasmanian city with food and nature access. This is an editorial interpretation, not a guest-specific conclusion.","Seasonal weather and regional driving; verify dates, occupancy, price and access",https://www.australia.com/en/places.html,Official destination tourism page or official destination listing; broad editorial interpretation,2026-09-24,"Official page supports the destination context only. Emotion match and tradeoffs are Velari editorial hypotheses; live properties, experiences, availability and prices unverified.",CANDIDATE_ONLY,SOURCE_CLAIM_REVIEW_REQUIRED,NOT_CHECKED,,"Display only after destination-specific claim review, hard-constraint checks, and date/occupancy-specific live stay validation. No rate or availability claim from this workbook."
NE-1159151677,Nelson,New Zealand,Oceania,-41.292592,173.247448,Restoration; Adventure,Coastal region gateway with arts and outdoor access,Regional destination,Guest-dependent; confirm desired pace,"Consider when guest seeks restoration and adventure: coastal region gateway with arts and outdoor access. This is an editorial interpretation, not a guest-specific conclusion.","Trails and beaches require route checks; verify dates, occupancy, price and access",https://www.newzealand.com/us/nelson-tasman/,Official destination tourism page or official destination listing; broad editorial interpretation,2026-09-24,"Official page supports the destination context only. Emotion match and tradeoffs are Velari editorial hypotheses; live properties, experiences, availability and prices unverified.",CANDIDATE_ONLY,SOURCE_CLAIM_REVIEW_REQUIRED,NOT_CHECKED,,"Display only after destination-specific claim review, hard-constraint checks, and date/occupancy-specific live stay validation. No rate or availability claim from this workbook."
NE-1159150411,Cairns,Australia,Oceania,-16.88784,145.763331,Adventure; Discovery,Gateway for tropical coast and reef experiences,Regional destination,Guest-dependent; confirm desired pace,"Consider when guest seeks adventure and discovery: gateway for tropical coast and reef experiences. This is an editorial interpretation, not a guest-specific conclusion.","Reef trips depend on weather and operator availability; verify dates, occupancy, price and access",https://www.australia.com/en/places.html,Official destination tourism page or official destination listing; broad editorial interpretation,2026-09-24,"Official page supports the destination context only. Emotion match and tradeoffs are Velari editorial hypotheses; live properties, experiences, availability and prices unverified.",CANDIDATE_ONLY,SOURCE_CLAIM_REVIEW_REQUIRED,NOT_CHECKED,,"Display only after destination-specific claim review, hard-constraint checks, and date/occupancy-specific live stay validation. No rate or availability claim from this workbook."
